course_id,course_title,price,num_subscribers,num_reviews,num_lectures,level,Rating,content_duration,published_timestamp
19421,Free Beginner Electric Guitar Lessons,0,101154,1042,95,All Levels,0.88,4.5,6/15/2012
238934,Pianoforall - Incredible New Way To Learn Piano & Keyboard,200,75499,7676,362,Beginner Level,0.96,30,8/7/2014
41884,Getting Started with Playing Guitar,0,47652,1141,26,All Levels,0.68,4,5/29/2013
42271,Complete Guitar System - Beginner to Advanced,145,32935,2713,310,All Levels,0.65,34,5/29/2013
26956,Learn Guitar in 21 Days,20,26504,192,82,All Levels,0.41,2.5,10/21/2012
456284,The Professional Guitar Masterclass,200,21701,1340,136,All Levels,0.3,9.5,4/28/2015
583752,Introduction to Piano - By PGN Piano!,0,14922,772,8,All Levels,0.3,0.666666667,8/16/2015
59922,Best Beginner Guitar Lessons by Sam Lyons,20,14560,20,32,All Levels,0.3,2,6/16/2013
198690,Acoustic Guitar Basics,0,14495,224,21,Beginner Level,0.47,2,8/7/2014
484670,Guitar Super System Level 1,50,10869,2257,104,Intermediate Level,0.94,5,4/29/2015
953152,The Complete Piano & Music Theory Beginners Course,50,10435,665,23,Expert Level,0.12,1.5,9/15/2016
1191750,"Jazz Guitar Tips, Tricks and Licks",0,9351,331,21,Intermediate Level,0.18,2,5/1/2017
645202,The Total Beginner's Guitar Course,0,9193,357,17,Intermediate Level,0.18,1.5,3/24/2016
200598,"LEARN HARMONICA, amaze your friends and have fun - it's easy",200,8857,718,131,Beginner Level,0.43,15.5,4/27/2014
101496,How To Play Blues Guitar - Broonzy & McGhee Blues Lessons,0,8240,31,6,All Levels,0.52,1.5,11/23/2013
99324,Acoustic Blues Guitar Lessons,0,8217,109,10,Beginner Level,0.3,1,9/30/2013
1132342,Ultimate Beginner Guitar Masterclass,200,8113,79,124,All Levels,0.18,11.5,5/15/2017
194692,Quicklessons Piano Course - Learn to Play Piano by Ear!,200,7178,260,144,Intermediate Level,0.15,8.5,4/12/2014
76524,A new approach to piano and playing songs for beginners,50,7140,72,26,All Levels,0.18,1.5,8/11/2013
409818,Get started playing blues harmonica,0,6853,398,23,Intermediate Level,0.99,0.616666667,3/30/2015
517148,Acoustic Fingerstyle Guitar Course: Beginner to Advanced,200,6565,55,56,All Levels,0.11,4,8/4/2015
824044,PI-101 Top 10 Classical Piano Pieces for Beginners,0,6292,183,38,Beginner Level,0.96,1,5/30/2016
1052180,"How to play 'Electric Guitar"",https://www.udemy.com/electric-guitar-beginners-method/,true,50,1105,5,20,Beginner Level,2 hours,2016-12-29T00:24:06Z
42038,Learn Piano Today: How to Play Piano Course in Quick Lessons""",100,6271,68,75,All Levels,0.14,5,6/27/2013
65033,Virtual Piano Lessons - A New Way To Learn Piano,50,5830,29,12,Beginner Level,0.14,1,7/21/2013
315576,Guitar Crash Course (No Experience Necessary),0,5769,78,29,Intermediate Level,0.14,1,1/22/2015
364716,"Beginner Violin 101: Care, Maintenance, and the Right Gear",0,5543,107,29,Beginner Level,0.14,4,3/3/2015
967380,How to play Piano - Go from a Beginner/Intermediate to a Pro,200,5316,159,291,All Levels,0.14,31,10/16/2016
1032864,Learn to Read & Write Music to play Piano & more instruments,115,5292,38,85,Beginner Level,0.14,10.5,12/27/2016
555340,Play Piano in 30 Days! - Start Playing NOW!,0,5188,410,58,All Levels,0.14,3,7/26/2015
574974,The Complete Piano Course - Master The Piano,95,4982,276,240,All Levels,0.14,23,8/20/2015
1105794,Piano Music Theory (Back To Basics) by JFilt,0,4967,308,12,Beginner Level,0.14,0.5,2/13/2017
1229488,Learn to play your favorite guitar songs by ear,50,4733,11,15,Beginner Level,0.14,1.5,5/27/2017
566678,Learn 4 Chords and Play Thousands of Songs!,20,4560,177,22,All Levels,0.14,1.5,8/17/2015
501412,Play Piano by Ear Today! SuperCourse,60,4557,21,77,All Levels,0.14,5.5,1/5/2016
696630,"7 Ways A Beginner Guitarist Can Sound Better, Instantly!",0,4529,193,7,All Levels,0.14,0.6,12/21/2015
286070,5 lecciones que todo guitarrista debe tomar,0,4452,263,14,All Levels,0.14,1,8/23/2014
681692,Guitar Super System Level 2,50,4192,128,34,All Levels,0.14,1.5,11/30/2015
206088,Guitar Chord Mastery!Turn Your Brain Into A Chord Encyclopia,200,4133,173,224,All Levels,0.14,28.5,5/19/2014
687248,3 step formula for playing guitar by ear,25,3937,54,20,Beginner Level,0.14,1.5,12/3/2015
955914,A beginner`s guide to fingerpicking and strumming guitar',0,3481,29,20,All Levels,0.14,2,9/13/2016
658276,Piano for Singer/Songwriters | Write Songs and Perform Live!,100,3371,175,42,Beginner Level,0.14,3,11/12/2015
762374,Guitar Lessons - String Bending And Vibrato Essentials,0,3325,28,5,All Levels,0.14,1,2/15/2016
648506,Blues Guitar Fundamentals,50,3312,107,21,Beginner Level,0.14,1.5,6/27/2016
666322,Learn to Play Piano From a Concert Pianist - For Beginners,200,3206,18,17,Intermediate Level,0.11,1,11/22/2015
198660,Tenor Banjo for Absolute Beginners,0,3167,161,34,Beginner Level,0.11,0.616666667,7/19/2014
385684,Guitar Kick Start,0,3160,47,22,All Levels,0.11,1,3/19/2015
1029440,Modern Rock Guitar Techniques,50,3157,375,32,Beginner Level,0.11,3,12/8/2016
1098994,Fun Ukulele Strumming Course,45,3141,10,15,Beginner Level,0.11,1,2/2/2017
288942,#1 Piano Hand Coordination: Play 10th Ballad in Eb Key songs,35,3137,18,68,Beginner Level,0.11,1.5,9/18/2014
105350,Play Piano Today - Easy Festive Favorites & Piano Party Hits,75,3122,6,80,Beginner Level,0.11,4,10/27/2013
1034414,Fingerstyle Guitar Mastery: 3 Techniques You Need To Know,0,3042,40,13,All Levels,0.11,0.566666667,12/13/2016
476324,Guitar - Learn 10 Legendary Chord Progressions for Guitar,55,3013,15,28,All Levels,0.11,1.5,6/14/2015
521440,The Essentials of Acoustic Guitar Strumming Patterns,0,2995,51,19,Beginner Level,0.11,1,7/1/2015
476988,Guitar - Blues Guitar for Beginners,45,2795,26,25,All Levels,0.11,1,5/22/2015
521072,Keyboard Instruments - Read Sheet Music for Piano Fast!,50,2788,52,41,Expert Level,0.11,1.5,7/1/2015
983418,The Allman Brothers Guitar Roots And Techniques,75,2692,29,14,Beginner Level,0.11,1.5,10/29/2016
749686,How to Play the Guitar: Your 30-Day Guide to Learn Guitar,20,2686,10,32,Beginner Level,0.11,6,2/2/2016
20387,Guitar Insanity Workout - Eatmystrings!,50,2673,17,29,Beginner Level,0.11,2.5,7/6/2012
806638,Blues Master - Beginner's Techniques Piano Course,0,2618,41,16,Beginner Level,0.11,1.5,3/29/2016
807934,The 80/20 Guitar: Write Music and Play Guitar in 30 Days,0,2610,28,24,Beginner Level,0.11,3.5,4/20/2016
288854,"Beginner's Guitar: Tuning, Strumming, and Chords!",0,2577,30,6,All Levels,0.11,0.616666667,7/3/2015
873386,Guitar Lessons: The Essential Beginner & Intermediate Course,0,2566,39,23,All Levels,0.11,2,6/10/2016
970880,"Blues Guitar Lessons for Beginners: Chords, Rhythm and Lead",95,2558,19,16,All Levels,0.11,3,10/19/2016
138228,Get great playing HARMONICA - a fun new leisure time hobby !,35,2543,44,17,Beginner Level,0.11,2,2/12/2014
647338,How To Make Money With A Cover Band,50,2498,12,25,All Levels,0.11,3.5,3/30/2017
422546,Piano - Circle of 5ths to Play A Song in 12 Keys in 12 Days,95,2415,16,115,All Levels,0.11,2.5,2/17/2015
782430,Playing Piano: Scales and Arpeggios Vol.I : Major keys,50,2358,3,26,All Levels,0.11,1,3/31/2016
51752,Just chords Piano: Learn to Play Piano Quickly - No Music,85,2357,15,53,Beginner Level,0.11,5,5/2/2013
311530,"Learn How to Play Blues, Rock, & Boogie Woogie Piano Today",45,2346,11,14,Intermediate Level,0.12,0.65,10/8/2014
1116196,Essential Theory and Technique for Guitar,0,2285,34,22,Beginner Level,0.76,2,2/25/2017
659918,Piano Runs & Fills #2: Play Rolling Cascading Runs for Intro,70,2164,10,30,Beginner Level,0.47,1,11/4/2015
1003568,Master Class # 11:  Play Piano Techniques Learn Piano 1 to10,95,2164,10,113,Beginner Level,0.73,2,11/7/2016
515256,Guitar - 12  Strumming Patterns You Must Know For Guitar,50,2154,40,16,Beginner Level,0.69,1,7/6/2015
1119092,"Learn guitar the Right way! Complete 'KickStarter course""",150,2102,33,99,Beginner Level,0.96,9,2/25/2017
961630,Beginner Guitar Quick-Start Course,0,2084,20,7,Beginner Level,0.03,1,9/28/2016
907966,Guitar: Learn 10 CCR Guitar Chord Progressions,50,2045,8,24,Beginner Level,0.36,2,8/25/2016
1123250,Master Class Piano Techniques: Tips To EZ Coordinate 2 Hands,95,2026,3,62,Beginner Level,0.2,2.5,3/9/2017
1122832,#6 Piano Hand Coordination: Play Open 10 Ballad to 9/4 Song,65,2015,3,21,Beginner Level,0.35,0.733333333,3/8/2017
1123184,#7 Piano Hand Coordination: Play Piano Runs in 3 Beats 9/4,65,2015,2,25,All Levels,0.95,1,3/8/2017
551170,Your First Course on Piano,70,2002,34,33,All Levels,0.38,4,7/16/2015
1111630,Learn to play the piano or keyboard from scratch,145,1987,11,161,Beginner Level,0.85,14,5/31/2017
646906,Playing Piano:  Play Chords and Popular Pieces Vol.I,100,1987,7,43,All Levels,0.83,3,2/1/2016
778682,Gitarre spielen wie die Profis,20,1981,28,38,All Levels,0.94,2,3/21/2016
353224,The Best Beginner Guitar Course Ever,50,1976,252,16,Beginner Level,0.76,1,11/25/2014
17922,Play Ukulele Now,30,1951,88,78,Expert Level,0.8,5,6/2/2012
829616,Aprendiendo Piano: Ejercicios de calentamiento,0,1876,109,11,Beginner Level,0.11,0.55,4/27/2016
132570,Basic Piano Hymn Playing,20,1842,21,28,All Levels,0.12,1.5,12/12/2013
260900,Quick & Easy Piano Chords: Play more songs with more chords,55,1818,4,90,Beginner Level,0.52,2.5,7/17/2014
777650,Drumming for Beginners - Simple Way To Learn How To Drum,20,1814,28,22,Beginner Level,0.11,2,3/2/2016
658816,Learn How to Improvise on Guitar in 30 Days,200,1788,89,33,All Levels,0.47,6,10/25/2016
637842,Playing Piano : Reading and Playing Classical Tunes Vol.I,50,1732,6,34,Beginner Level,0.88,2,10/16/2015
326428,Learn Piano Scales: Play any song in any key! Like Pro's do,50,1720,9,26,Beginner Level,0.07,2.5,10/29/2014
993510,Piano Technique Exercises Vol.1,50,1674,4,24,Intermediate Level,0.81,1,1/25/2017
888698,Piano Playing: Reading and Playing Classical Tunes Vol.II,40,1638,3,17,Intermediate Level,0.94,1.5,6/28/2016
670376,Piano Tutorial : Ludovico Einaudi - Una Mattina,0,1631,23,6,All Levels,0.26,0.733333333,11/23/2015
1217408,Drums for Beginners,0,1618,4,15,All Levels,0.55,3,6/19/2017
396238,"Learn BASS GUITAR- Have Fun, Amaze Your Friends- It's Easy! ",100,1605,19,52,All Levels,0.96,2,2/13/2015
1010274,Drumming Accelerator: How To Get The Best Start Possible,200,1594,4,34,Beginner Level,0.11,1.5,4/18/2017
1170074,#10 Hand Coordination - Transfer Chord Ballad 9 - C & Bb Key,75,1593,1,41,Beginner Level,0.47,1,4/12/2017
195576,Learn To Play The Drums Without A Drum Kit,25,1589,52,39,All Levels,0.89,2,6/27/2014
242382,Learn Beethoven's Fur Elise on Piano,20,1582,11,6,All Levels,0.1,0.483333333,6/13/2014
515262,Guitar: Learn 12 Must Know Beginner Rock Guitar Riffs,50,1548,10,20,Beginner Level,0.28,2,9/24/2015
995562,Play Piano 1 Master Class Intro:  Standards 2-5 Power Chords,50,1541,14,42,All Levels,0.89,1,10/29/2016
464844,Discover Classical Guitar Level 1,25,1513,38,19,Beginner Level,0.88,1.5,6/21/2015
104304,"Learn To Play The Piano Using Pop, R&B and Gospel Chords",50,1504,15,14,All Levels,0.71,0.683333333,10/15/2013
971962,Learn Guitar: Zero to Guitar Fingerpicking in 30 days,50,1495,26,36,All Levels,0.78,2.5,12/28/2016
631416,Learn Fun Dreamy Piano Techniques #1 -  Play White Christmas,80,1474,10,102,Beginner Level,0.43,2,10/20/2015
801486,Playing Piano:  Popular Pieces Vol. II,150,1472,4,24,Beginner Level,0.3,1.5,3/31/2016
917432,The Professional Bass Masterclass,200,1449,136,88,All Levels,0.68,7,10/24/2016
372416,"Piano: Learn 48 chords in 1 hour,  and always remember how",120,1424,71,16,All Levels,0.48,1.5,12/28/2014
1041176,Fun Beginner Ukulele Course,55,1409,41,17,Intermediate Level,0.69,1.5,12/21/2016
384928,101 Blues riffs - learn how the harmonica superstars do it,200,1350,65,55,All Levels,0.55,6.5,1/4/2015
710420,Step by Step Tabla Course- Indian Drums,20,1337,17,21,All Levels,0.4,1,1/18/2016
640496,Teaching Music : Start teaching an instrument successfully.,30,1337,5,18,All Levels,0.55,1.5,10/16/2015
902474,CAGED Pentatonic System for Guitar - Level 1,45,1329,52,35,Beginner Level,0.96,1.5,7/28/2016
455054,Ninja Chord Changes - Master your guitar chord changes,30,1327,11,13,Intermediate Level,0.96,1.5,3/29/2015
830568,5 Exotic Guitar Scales and How to Use Them Effectively,50,1319,101,21,All Levels,0.15,1,8/9/2016
535650,Accelerate Your Guitar Learning With Metal Techniques,20,1305,25,68,Beginner Level,0.32,6.5,8/18/2015
101498,Blues Guitar Lessons - From Texas To Carolina,20,1297,12,9,Beginner Level,0.99,2.5,10/13/2013
648628,Learn Fun Dreamy Piano Techniques # 2 - Play Silver Bells,80,1284,6,99,Beginner Level,0.96,2,10/26/2015
112314,Acoustic Blues Guitar Lessons,125,1284,136,40,All Levels,0.78,12.5,11/28/2013
606494,The 80/20 Beginner Guitar Course,50,1269,27,51,All Levels,0.88,3,4/28/2016
660460,Piano for Complete Beginners: Learn your first song today!,40,1268,10,30,Beginner Level,0.75,1,11/10/2015
1009802,Play Piano 8 - Play Over the Rainbow by Ear & Free Improvise,50,1249,6,69,All Levels,0.34,1.5,11/14/2016
27681,Piano Improvisation from Day One,20,1249,37,21,Beginner Level,0.19,3,3/1/2013
42251,Blues and Advanced Guitar Lessons,85,1235,46,131,Beginner Level,0.01,7.5,6/10/2013
692658,Easy to play Christmas Songs for Guitar,100,1229,8,11,Intermediate Level,0.15,0.5,12/12/2015
993134,Learn Piano #10 Tritone Chord Substitution with Jazzy Sounds,60,1227,2,26,Beginner Level,0.57,0.633333333,10/25/2016
550842,16 Guitar Chords to Jam With - (Beginner - Intermediate),20,1224,19,20,All Levels,0.34,1,7/10/2015
902476,CAGED Pentatonic System for Guitar - Level 3,45,1224,17,32,Intermediate Level,0.72,1.5,9/28/2016
920194,CAGED Pentatonic System for Guitar - Level 2,45,1220,13,26,Beginner Level,0.34,1.5,8/26/2016
174562,Learn to Play Saxophone: Beginner to Pro in Under Four Hours,50,1213,158,77,Beginner Level,0.55,5,3/3/2014
997470,"Play Piano 2:  Play 'Love Me Tender By Ear with 2-5 Chords""",50,1204,8,56,Beginner Level,0.78,1.5,10/30/2016
515260,Guitar: Master The Guitar Fretboard In 6 Easy Steps,55,1203,26,10,All Levels,0.76,1,10/12/2015
972704,How to play Contemporary Piano,25,1200,35,10,Beginner Level,0.26,0.6,10/4/2016
40495,World's Fastest Piano Method - The Piano Revolution!,95,1199,58,31,Intermediate Level,0.33,2,2/18/2013
1033670,Beginner's Guitar Lessons - Crash Course for Busy Adults,50,1194,9,29,All Levels,0.53,2,5/2/2017
647336,Country Guitar Fundamentals,50,1174,39,23,Beginner Level,0.68,1.5,12/23/2016
149728,Learn Jazz Piano Today,50,1167,66,44,All Levels,0.25,3,1/24/2014
1048188,Modern Country Guitar: Technique Booster,30,1152,16,42,Beginner Level,0.35,2.5,1/26/2017
392958,Learn To Play The Drums,25,1141,88,74,Beginner Level,0.3,8.5,5/28/2015
356060,Learn Piano #8:  Use Augmented Chord Sub & Whole Tone Scales,60,1137,4,45,Beginner Level,0.34,1,2/23/2016
829962,Darbuka Drumming: Learn how to play the Darbuka Dounbek,0,1094,45,11,All Levels,0.2,1,4/23/2016
413182,Play By Ear #4: Play Song By Ear with 3 Chords Using Any Key,95,1064,11,110,Intermediate Level,0.96,2.5,2/7/2015
672894,Christmas Piano Songs For The Very Beginner Vol. I,40,1060,3,15,Intermediate Level,0.2,1.5,11/22/2015
783292,Guitar Chord Riot! Learn to Play Guitar Like a Guitar Jedi,75,1052,6,43,All Levels,0.07,0.5,3/11/2016
837722,Modal Theory for Guitar (Guitar Lessons from Lutz Academy),50,1039,29,9,All Levels,0.07,1.5,5/6/2016
1051856,Classical Guitar Essentials - The Basics Part 2,95,1030,1,44,Intermediate Level,0.47,4.5,3/3/2017
670640,31 Day Guitar Challenge,40,1029,22,32,Intermediate Level,0.09,3.5,11/30/2015
517366,Guitar for Beginners - Learn the Basics,20,1026,13,19,All Levels,0.78,0.516666667,6/12/2015
552700,Your Second Course on Piano: Two Handed Playing,70,1018,12,22,All Levels,0.84,5,10/26/2015
998100,Play Piano 4: Improvise on popular song Yesterday chords,50,1018,4,63,All Levels,0.14,1.5,10/30/2016
1034080,The Circle of Fifths for Guitarists,50,1018,2,5,Beginner Level,0.14,1.5,12/15/2016
566856,Learn Monster GODJ,0,991,29,12,Beginner Level,0.44,1,7/29/2015
344234,Learn Piano #7- Learn Chromatic Chords & Chromatic Scale Run,60,973,8,74,Intermediate Level,0.83,2,2/1/2016
787686,Bluegrass Guitar Essentials: Webisodes 1 & 2,0,970,14,9,Beginner Level,0.96,1,3/20/2016
1240148,Learn all Piano Chords in all Piano Scales with logic,45,969,2,17,All Levels,0.29,1,6/4/2017
184780,Learn to Play the Trumpet: Beginner to Pro Made the Easy Way,50,966,157,145,Beginner Level,0.96,7.5,3/21/2014
574428,Fingerpicking Classics - Great songs played fingerstyle!,20,953,11,13,All Levels,0.15,2,8/7/2015
1120410,#5  Piano Hand Coordination:  Piano Runs in 2 Beats Eb Key,75,940,3,32,All Levels,1,0.616666667,2/21/2017
956102,Guitar Lessons for complete beginners - super simple and fun,20,936,9,12,Beginner Level,0.44,0.666666667,9/12/2016
505126,Discover Classical Guitar Level 2,75,927,35,123,All Levels,0.24,11.5,9/1/2015
1257976,Your First 10 Guitar Lessons - Learn how to play guitar,0,924,4,18,All Levels,0.72,1,6/29/2017
173776,Ultimate Blues Guitar Beginner Lessons,20,922,57,90,Beginner Level,0.17,10.5,3/8/2014
708696,Instant Bodhran - part one; learn the basics of drumming now,30,920,31,9,All Levels,0.06,1,1/12/2016
769270,Beginner Step by Step Keharwa Theka Tabla Course,20,916,26,16,All Levels,0.4,0.666666667,2/22/2016
1253224,Pentatonic Scale Crash Course for Bass Guitar,0,898,6,24,Beginner Level,0.4,1,6/15/2017
970462,Ukelele expr??s: aprende a tocar en menos de un mes,0,888,64,25,Beginner Level,0.4,1.5,10/17/2016
403078,Percussive Fingerstyle Guitar,50,886,43,74,Intermediate Level,0.57,1.5,2/2/2015
338926,Learn to Play Clarinet: Beginner to Pro in Under Five Hours,50,877,93,88,All Levels,0.85,6,1/1/2015
692812,Play all major scales by ear - no notation required!,40,868,8,62,All Levels,0.55,3.5,12/15/2015
412970,Classical Guitar Essentials - The Basics Part 1,65,861,19,52,Beginner Level,0.11,4.5,5/4/2016
1116700,#4 Piano Hand Coordination: Fun Piano Runs in 2 Beats C Key,75,850,3,43,All Levels,0.39,1,2/21/2017
560662,Instant Harmonica - how to get single notes in 5 easy steps,20,835,10,7,All Levels,0.37,0.633333333,7/22/2015
663810,Piano Runs & Fills #4: C6 Rolling Waves & Waterfall Runs,70,834,3,35,All Levels,0.63,1,11/10/2015
1000966,Play Piano 5: Improvise on Misty Eb Key Runs & 2-5 Chords,50,833,6,70,Beginner Level,0.07,1.5,11/3/2016
643970,Instant Harmonica - Christmas. Play Jingle Bells Part 1 now,20,823,11,10,All Levels,0.07,0.7,12/11/2015
793234,Piano From Zero To Pro - Beginner Essentials To The Piano,70,811,129,52,All Levels,0.07,3.5,3/16/2016
996888,Play Piano 3: Improvise Chords to Enchanted Evening by Ear,50,809,5,57,All Levels,0.07,1.5,10/30/2016
552650,Beginner Piano,20,776,79,89,Beginner Level,0.07,4,8/5/2015
656364,Piano Runs & Fills #1: Play Dreamy Whole Tone Scale Runs,70,769,10,33,All Levels,0.07,1,11/2/2015
661814,Piano Runs & Fills #3:  Jazzy Chromatic Chord Song Endings,70,747,5,28,All Levels,0.07,1,11/10/2015
657518,Cracking the Violin Code!,120,746,82,40,Intermediate Level,0.07,5.5,11/17/2015
26648,Play Guitar and Understand Music Quick & Easy in 28 Days!,20,738,6,64,All Levels,0.07,9.5,10/13/2012
182940,Modern Piano Lessons For Beginners,20,736,6,46,Beginner Level,0.07,5,4/1/2014
206332,Rock Drumset Grooves: Level 1,20,709,12,38,All Levels,0.07,2,9/2/2014
324224,Learn to Play the Flute: Beginner to Pro in Under Five Hours,50,707,116,108,All Levels,0.07,7,10/29/2014
1000988,Play Piano 6 -Improvise on The Way We Were with Power Chords,50,701,4,62,Beginner Level,0.07,1.5,11/3/2016
64585,Gospel Piano Essentials,30,668,39,46,Beginner Level,0.07,11.5,7/11/2013
1254852,How to Play Piano - Your First Lesson!,0,662,7,13,All Levels,0.07,0.516666667,6/24/2017
585946,Beginner Guitar Lessons by Paul Gronow,50,659,4,46,All Levels,0.07,3.5,3/2/2016
650836,Introduction to Ukulele 1,20,630,25,27,Beginner Level,0.07,1,12/1/2015
564446,Instant Harmonica - play two Star Wars themes in 30 minutes,20,605,21,11,Intermediate Level,0.07,0.7,7/28/2015
342398,Learn the Violin - No Music Experience Necessary!,120,600,27,30,Beginner Level,0.07,3,9/2/2015
149716,"Learn to Play Fernando Sor's 'Study in B minor"",https://www.udemy.com/study-in-b-minor/,true,115,1403,5,9,Intermediate Level,43 mins,2014-01-27T20:58:16Z
398746,Piano: The Chord Based System - Learn To Play As The Pros Do""",115,595,20,33,Beginner Level,0.07,2,2/9/2015
301686,"Super Beginner Guitar - start right, start awesome",30,594,3,33,All Levels,0.07,2,11/26/2014
825186,Bossa Nova - Guitar for Beginners,20,589,6,8,Beginner Level,0.07,1,4/19/2016
808292,Take your double bass drum technique to the next level,40,584,7,196,All Levels,0.07,5.5,5/16/2016
365292,Play Sonny Terry style on Harmonica and dazzle your friends!,200,582,49,51,Beginner Level,0.07,5.5,12/18/2014
1119610,Harmonica Jamz: The Only Course on Jammin' with Friends,60,568,8,65,All Levels,0.07,5,3/21/2017
938260,Piano For Singer/Songwriters 2: Pop/Rock Rhythm Immersion,100,567,37,24,Beginner Level,0.07,1.5,8/29/2016
783778,Play Violin and Fiddle for beginners - it's fun  - Course 1,20,560,8,9,All Levels,0.07,1,3/18/2016
140168,"Learn to Play Tarrega, Bach, and Sor on Classical Guitar",195,556,11,27,Beginner Level,0.07,4,1/27/2014
213532,How to speak Pianish (beginner level),30,545,5,10,All Levels,0.07,1,8/25/2014
563650,Instant Harmonica - play Scarborough Fair in 8 easy lectures,40,543,4,12,Beginner Level,0.07,1,7/24/2015
624118,Music Fundamentals: Learn Beatmaking with Pen Tapping,200,537,2,22,All Levels,0.07,2,11/13/2015
1200374,Strumming from scratch - Rhythm guitar lesson for Beginners,0,530,11,13,Beginner Level,0.07,2,5/4/2017
544234,Mike G's Beginner Drum Course: Part 1,35,515,14,20,All Levels,0.07,3,11/1/2015
333046,The Ultimate Method for Learning Modern Piano & Keyboards,25,512,3,151,All Levels,0.07,2.5,11/3/2014
578750,Learn 4 Vital things that will make your DRUM PLAYING EASIER,35,510,1,8,All Levels,0.07,0.616666667,8/13/2015
347104,Learn to Play the Oboe: Beginner to Pro in Under Four Hours,50,500,39,74,Beginner Level,0.07,5,1/1/2015
567558,Instant Harmonica - play Amazing Grace with grace and ease!,40,496,6,14,Intermediate Level,0.07,1,8/1/2015
660690,Piano Building Blocks: Learn the 24 Most Common Chords,50,492,10,17,Beginner Level,0.07,1.5,3/7/2016
1159988,Electric Guitar for Beginners - RockStarter Level 1,40,491,5,29,Intermediate Level,0.07,2.5,3/30/2017
151027,"Introduction to Guitar 'A Course for Beginners"",https://www.udemy.com/introduction-to-guitar/,true,25,163,11,56,Beginner Level,2.5 hours,2014-10-30T15:59:39Z
650804,Guitar  Master Class Learning How to Play Guitar from A to Z""",40,489,5,35,Beginner Level,0.07,4,10/26/2015
1193886,#12 Hand Coordination: Let your Hands dance with Ballad 9,75,482,1,47,All Levels,0.07,1.5,4/26/2017
375830,Guitarra Desde Cero - PARTE 1,35,480,12,123,All Levels,0.07,7,12/27/2014
1194244,How To Play Guitar - For Absolute Beginners,35,478,3,18,Beginner Level,0.07,1,5/1/2017
411986,"Rapidly Learn & Master Acoustic Guitar, Classic Fingerstyle",30,478,3,31,All Levels,0.07,0.7,2/6/2015
925286,Play Piano To-day! - Beginner Piano Lessons For Busy People!,100,476,16,91,Beginner Level,0.07,4,11/1/2016
755198,Rockabilly Guitar For Beginners,40,475,125,36,Beginner Level,0.07,2,2/21/2016
602450,6 Must Know Tricks to Successful Solos,35,469,38,30,All Levels,0.07,4,9/28/2015
217978,??????????????????????????€,0,462,6,23,Intermediate Level,0.07,3.5,5/17/2014
263818,Learn to Play French Horn: Beginner to Pro Made the Easy Way,50,460,27,131,Beginner Level,0.07,8,10/29/2014
559438,Instant Harmonica ?€? play Beethoven?€?s Ode to Joy right now!,20,455,3,11,All Levels,0.07,1,7/22/2015
831294,Make Your Own Ukulele,85,452,5,23,Beginner Level,0.07,4.5,8/29/2016
1132694,Introduction to Gypsy Jazz Guitar,95,452,10,18,Expert Level,0.07,2.5,5/14/2017
895244,CAGED System for Guitar (Guitar Lessons from Lutz Academy),50,450,15,7,Beginner Level,0.07,1.5,7/25/2016
1008054,Play Piano 7: Improvise on For All We Know in F Key by Ear,50,438,3,77,All Levels,0.07,1.5,11/10/2016
199500,Play Autumn Leaves' falling notes on piano with no reading!,30,438,10,12,All Levels,0.07,0.566666667,4/29/2014
589248,Instant Harmonica - play Somewhere Over the Rainbow now!,40,431,2,11,All Levels,0.07,1,1/4/2016
374566,Learn to Play Percussion: Beginner to Pro made the Easy Way!,50,425,7,192,Beginner Level,0.07,6,1/16/2015
561774,Instant Harmonica - play the great Irish tune Molly Malone!,20,420,2,13,All Levels,0.07,1,7/23/2015
628798,"Learn Piano with Beyer, 15 Minutes Challenge",65,418,2,30,Beginner Level,0.07,3,7/21/2016
271652,How To Play The Djembe: For Beginners,30,414,18,19,Beginner Level,0.07,1,11/11/2014
1186514,Learn to Play Harp: Beginners Course,0,408,7,10,All Levels,0.52,0.683333333,4/28/2017
897162,101 Awesome Rockabilly Guitar Licks,40,407,64,33,All Levels,0.66,2.5,8/10/2016
131512,Inside Drum Technique,50,406,10,25,All Levels,0.15,2,12/13/2013
371896,Learn to Play Trombone: Go From Beginner to Pro in No Time!,50,402,47,123,All Levels,0.66,7.5,3/4/2015
769518,Instant Harmonica - play the groovy Valens La Bamba now!,20,390,4,10,Beginner Level,0.39,0.733333333,2/22/2016
467408,"How to play Djembe, Drums & Rhythm. Level 2",40,390,14,36,Beginner Level,0.18,2,7/23/2015
41890,Beginners Guide to Playing Guitar - Step-by-step System,85,384,25,98,All Levels,0.18,10.5,6/10/2013
601230,Guitar:Play 5 Easy Christmas Chord Progressions On Guitar,50,383,4,9,All Levels,0.18,1,11/11/2015
475914,Chugging - it don't mean a thing if it ain't got that swing!,200,382,21,25,Beginner Level,0.18,2.5,4/20/2015
446478,Learn basics of South Indian Carnatic Flute Step by Step,150,380,113,49,Beginner Level,0.18,4,4/15/2015
146852,"Easy Piano Basics??? - Learn Piano, No Prior Experience Needed",20,377,8,14,Beginner Level,0.18,1.5,1/30/2014
180680,Master the Saxophone: Intermediate Instruction Made Simple!,50,376,9,86,Beginner Level,0.18,5.5,3/17/2014
1196538,Piano Building Blocks: Learn Chord Additions & Variations,0,375,0,9,Intermediate Level,0.18,1,7/2/2017
264396,Learn How to Play the Violin - Violin Basics,20,365,10,12,All Levels,0.18,0.533333333,8/13/2014
1007396,"Play The Piano By Ear | Master Class, Learn By Doing",175,362,38,27,All Levels,0.18,2.5,11/12/2016
245722,Painless Piano!,40,353,1,30,All Levels,0.18,3.5,6/23/2014
519694,"Discover the fun of Spoon playing, a beginners course",65,353,13,25,All Levels,0.18,1,6/25/2015
1191088,Learn to play in the Key of G on any Bluegrass Instrument,0,349,3,36,Beginner Level,0.18,2.5,5/29/2017
638204,Playing Piano By Ear: Complete Guide for Aspiring Musicians,150,346,26,59,All Levels,0.18,4.5,11/20/2015
854696,Instant Harmonica - play Amazing Grace + Ode to Joy now!,40,341,7,23,Intermediate Level,0.18,1.5,6/17/2016
32033,Aprende bater??a con el nuevo m??todo IDT,20,335,32,25,Intermediate Level,0.18,2,12/24/2012
206986,Piano Lessons for Beginners Made Easy,25,333,5,40,All Levels,0.18,3,5/28/2014
55569,Los 7 Acordes para Tocarlo Todo en un fin de semana,20,332,23,42,All Levels,0.02,2,7/6/2013
953442,Blues School! A Course For Beginners in Blues Piano & Improv,120,326,44,54,Intermediate Level,0.02,3,2/22/2017
71912,Have Fun with Beginner Blues Piano,75,321,24,27,Beginner Level,0.02,2.5,8/5/2013
470472,Learn to Play Euphonium: Beginner to Pro in Under Five Hours,50,305,39,108,Beginner Level,0.02,7,4/16/2015
664764,Mike G's Beginner Drum Course: Part 2,40,305,0,23,Intermediate Level,0.02,2.5,3/10/2016
757284,Slide Guitar- Slide Soloing Essentials,50,297,20,17,Intermediate Level,0.02,3,2/11/2016
100916,Blues Guitar Lessons - Blues Guitar - Robert Johnson,20,297,7,7,Beginner Level,0.02,2.5,10/7/2013
729464,Instant Harmonica - play the groovy Beatles Yesterday today!,40,295,7,14,All Levels,0.02,1,4/25/2016
812914,Beginner Guitar Lessons - Your Complete Foundation Course,60,293,30,162,Intermediate Level,0.02,18.5,4/11/2016
185266,Master Trumpet Playing: Intermediate Instruction Made Simple,50,292,18,130,Beginner Level,0.02,7,3/24/2014
398522,Learn the Violin - Scales and Fundamentals,80,291,14,39,Beginner Level,0.02,3,10/28/2015
324226,Master Flute Playing: Intermediate Instruction Made Simple!,50,288,15,100,All Levels,0.02,6,10/29/2014
725566,Curso de Viol??o Popular,25,287,42,27,Beginner Level,0.02,6,1/27/2016
861566,Instant harmonica - play Adele's wonderful 'Hello' today!,20,284,3,12,Beginner Level,0.02,1,5/30/2016
214418,Piano Lessons For The Hip Hop Fan,20,276,2,62,Intermediate Level,0.02,5.5,5/12/2014
147754,Guitar Technique Mastery: The Ultimate Chop Building Workout,20,273,4,6,Beginner Level,0.02,1.5,1/16/2014
1266892,Getting Started with the Guitar in 5 Days,0,270,1,24,Beginner Level,0.02,1.5,7/3/2017
12214,Back 2 The Basics,50,265,23,65,All Levels,0.02,3,7/19/2013
21080,Guitar Essentials,20,261,1,18,Expert Level,0.02,1.5,5/7/2014
336446,Circular Breathing for musicians - practical skills,25,261,4,17,Beginner Level,0.02,1.5,11/6/2014
147404,Guitar Fretboard Mastery for the Blues Guitarist,20,257,6,5,Beginner Level,0.02,1,1/16/2014
592606,Spielend Klavier lernen mit Freude und Erfolg,100,255,30,53,Intermediate Level,0.02,4,11/12/2015
759972,150 Rock Guitar Licks You MUST Know,45,252,14,21,Intermediate Level,0.02,4.5,2/19/2016
80844,Beginner Guitar - 38 Easy Lessons You Needs to Get Started,40,250,24,39,Intermediate Level,0.02,3,9/5/2013
504168,Learn Flute FAST!,45,249,33,61,All Levels,0.02,4,6/2/2015
441996,Bones of the Blues - learn 4 cool tunes to expert level now!,200,248,9,21,Beginner Level,0.02,2,3/9/2015
988678,Curso de piano 101 - Tocando partituras y acordes -,170,245,26,93,All Levels,0.02,4.5,10/28/2016
103662,Introduction to Lead Guitar,20,245,8,34,Beginner Level,0.02,1.5,11/26/2013
146450,A Year's Worth of Piano Lessons in One Weekend,20,244,25,33,Beginner Level,0.02,6,4/30/2014
764534,Guitar Lessons - Learning The Neck - Fretboard Mastery,45,239,30,49,All Levels,0.02,6,2/16/2016
277770,Electric Bass Right From The Start,100,239,1,9,All Levels,0.02,0.666666667,3/14/2016
138336,Piano The Hard Way -  Fast Way To Life Long Piano Enjoyment,25,238,3,22,Beginner Level,0.02,1,2/19/2014
99946,Fingerpicking Blues Guitar Lessons - Bottleneck Guitar,20,237,12,6,All Levels,0.02,1.5,10/8/2013
789820,Instant Harmonica - play Christmas + Birthday songs now!,40,236,0,18,All Levels,0.02,1.5,5/18/2016
344348,Master the Clarinet: Intermediate Instruction Made Simple!,50,232,11,97,All Levels,0.02,7,1/1/2015
373636,Master the Trombone: Intermediate Instruction Made Simple!,50,231,7,110,Beginner Level,0.02,9,3/4/2015
207440,Super-Curso de Guitarra Pr??ctico Para Principiantes,85,228,26,215,Beginner Level,0.02,10.5,6/30/2014
214328,Piano Lessons for the R&B Fan,20,228,2,64,Intermediate Level,0.02,8,5/13/2014
459804,Learn to Play the Tuba: Beginner to Pro in Under Five Hours!,50,225,19,106,All Levels,0.02,6,4/15/2015
1048302,Learn Travis Picking From Scratch,40,219,30,25,All Levels,0.02,1.5,1/1/2017
184324,Advanced Saxophone Studies - Learn to Master the Saxophone!,50,215,5,80,Beginner Level,0.02,4,3/18/2014
589900,The 7 Day Guitar Method,20,213,4,11,All Levels,0.02,2.5,10/26/2015
631444,Aprendiendo piano: Lectura de piezas cl??sicas Vol.I,50,211,12,30,All Levels,0.02,1.5,10/8/2015
90132,Didgeridoo - from zero to HERO! Part Three. Advanced level.,35,209,5,19,All Levels,0.02,1.5,10/10/2014
605074,Advanced Flute Studies - Learn to Master the Flute!?€?,50,205,4,95,Beginner Level,0.02,5,9/7/2015
457206,Learn to Play Bassoon: Beginner to Pro in Under Four Hours!,50,205,11,77,Beginner Level,0.02,5,4/15/2015
263672,Classical Guitar Finger-Picking: Right Hand Arpeggios,195,200,11,19,All Levels,0.02,2,7/24/2014
760066,Blues Guitar Lessons - Volume 1 - Blues Shuffle Essentials,45,198,21,15,Intermediate Level,0.39,2.5,2/12/2016
761584,Guitar Lessons - Soloing With Arpeggios - Essential Guide,45,198,11,34,All Levels,0.11,5,2/13/2016
459468,Advanced Bassoon Studies - Learn to Master the Bassoon!?€?,50,197,0,106,Intermediate Level,0.8,6.5,4/15/2015
344180,Play the Jews Harp - instant skills for non musicians.,25,196,16,35,All Levels,0.96,2.5,1/22/2015
665278,Walking Bass - Quick Start Guide,50,193,20,31,Beginner Level,0.76,1,12/10/2015
933666,How to play in a local Irish music session with confidence,40,193,5,8,All Levels,0.07,1,8/18/2016
42255,Old-Time Banjo for the Absolute Beginner,25,192,21,17,All Levels,0.3,1.5,3/12/2014
647276,Acoustic Blues Guitar Lessons,75,189,18,101,All Levels,0.04,4.5,1/10/2016
966522,Curso de ejercicios t??cnicos al piano Vol.1,60,186,9,24,All Levels,0.11,1.5,9/30/2016
725906,Piano Lessons For Beginners: Learn Piano Quickly And Easily,75,186,35,56,Beginner Level,0.54,3,2/5/2016
876396,Guitar Fretboard Secrets,55,186,13,35,All Levels,0.54,2,12/1/2016
615226,"Play Leyenda, Canarios, and Bach on Classical Guitar",195,185,8,70,Beginner Level,0.76,7.5,11/5/2015
188498,Advanced Trumpet Studies - Learn to Master the Trumpet!?€?,50,184,4,82,All Levels,0.2,4,3/26/2014
459888,Master the Tuba - Intermediate Instruction Made Simple!,50,184,5,107,Beginner Level,0.23,8.5,4/15/2015
175278,How to Design Your Own Guitar,50,181,34,32,Beginner Level,0.8,5,6/25/2014
198692,Acoustic Guitar After The Basics,45,181,17,25,Intermediate Level,0.69,2.5,11/20/2014
820086,Bass Guitar Lessons For Beginners,95,180,21,38,Beginner Level,0.55,2.5,4/26/2016
760300,Blues Guitar Lessons - Volume 2 - Slow Blues Essentials,45,178,21,11,Intermediate Level,0.49,2,2/13/2016
459207,Master the Bassoon - Intermediate Instruction Made Simple!,50,177,3,102,Beginner Level,0.11,7.5,4/15/2015
459926,Advanced Tuba Studies - Become a Master of the Tuba!?€?,50,173,0,63,All Levels,0.89,5,4/15/2015
823494,Comment jouer du Pianoforte,100,172,2,41,All Levels,0.2,3,5/2/2016
743634,Piano With Willie: Blues n' Boogie Vol. 1,40,172,26,15,All Levels,0.75,2.5,4/13/2016
62252,"Improvise Puccini??s 'E Lucevan le Stelle on Piano""",20,169,3,16,Beginner Level,0.49,2,10/21/2013
459946,Tuba Solos: Learn how to Perform Three Fun and Unique Pieces,50,164,0,20,All Levels,0.88,2,4/15/2015
139790,Bending the blue notes to give you killer sound on harmonica,35,162,3,14,All Levels,0.8,2,3/2/2014
286898,"Aprende a tocar el Acorde??n 'de o??do y con t??cnica"",https://www.udemy.com/aprende-a-tocar-el-acordeon-de-oido-y-con-tecnica/,true,25,93,21,34,Beginner Level,4 hours,2014-09-16T19:51:45Z
263432,Aprende los Secretos de la Arm??nica con HARP&SOUL""",75,158,17,59,All Levels,0.39,2.5,7/28/2014
618586,"Flute Solos: Learn how to Perform Three Fun, Unique Pieces",50,156,4,62,All Levels,0.26,3,9/22/2015
331970,Learn Oud 1 (No Prior Music Knowledge Required!),20,153,27,38,Intermediate Level,0.57,3.5,9/10/2015
1105904,Learn How To Play 25 Classic Hip Hop Songs,25,153,9,27,All Levels,1,2.5,2/13/2017
644654,Learn Basics of South Indian Carnatic Flute - Level 2,180,152,21,91,All Levels,0.02,4.5,3/3/2016
320238,Jazz piano improvisation: The girl form Ipanema. Bossa nova,30,151,1,5,All Levels,0.02,0.55,10/16/2014
373556,Advanced Clarinet Studies - Learn to Master the Clarinet!,50,148,3,77,Beginner Level,0.94,4.5,1/1/2015
184088,Sax Solos: Learn how to Perform Three Fun and Unique Pieces!,50,147,4,39,All Levels,0.3,1,3/17/2014
153230,Swing Low - The 101 Authentic Nashville Piano Style Course,20,146,5,15,Intermediate Level,0.61,1,1/30/2014
630734,How To Play The Cajon: For Beginners,30,144,15,25,All Levels,0.38,1.5,12/18/2015
476000,Easy Piano for Kids - Complete Beginner Piano Course,115,139,8,104,All Levels,0.61,5.5,6/26/2015
53157,Beginning Flute Lessons,20,137,12,17,All Levels,0.34,2.5,5/29/2013
869312,TAKE NOTE BEGINNER CLARINET!  ?€?  Fun with Fundamental Skills,30,137,2,43,Intermediate Level,0.66,4.5,6/13/2016
427066,Flamenco Guitar,25,136,20,34,All Levels,0.57,4,12/7/2015
759130,Flute Pro Series - You're about to love practicing the flute,50,135,1,28,All Levels,0.01,6.5,4/1/2016
1013558,Pure Pentatonic Power: Rock and Blues Guitar Soloing,50,128,10,18,Intermediate Level,0.48,2,11/27/2016
1158690,"Instant Harmonica - Basic 12 Bar Blues course, easy and fun!",40,124,8,14,All Levels,0.84,1,3/29/2017
636858,Instant Harmonica - play the gorgeous Skye Boat Song now!,20,122,9,11,Beginner Level,0.15,0.633333333,10/18/2015
646918,Aprendiendo Piano: Tocando piezas populares Vol.I,100,122,3,59,All Levels,0.17,3.5,11/14/2015
663710,How To Build A Professional Djembe: Create Music Beauty &Biz,40,122,2,29,Intermediate Level,0.19,1.5,11/12/2015
632488,Spice up your playing with some easy Flamenco techniques!,40,120,11,47,All Levels,0.31,0.733333333,11/6/2015
470482,"Master the Euphonium with Simple, Intermediate Instruction!",50,120,6,106,All Levels,0.57,8,4/16/2015
636842,FingerstyleGuitar by Jacques Stotzem - Basic Level,30,119,12,16,Beginner Level,0.83,1.5,10/12/2015
815182,Saxophone Pro Series - You're going to love practicing Sax,50,119,4,32,All Levels,0.18,5.5,4/8/2016
13216,Aprende a Tocar Teclado - Piano,35,119,8,52,All Levels,0.96,3.5,1/26/2012
56970,Drum Set for Beginners,20,119,8,26,All Levels,0.2,3.5,10/2/2013
452514,Beginner Guitar Lessons,20,118,0,5,All Levels,0.96,1,3/23/2015
1108666,Worship Piano: From Beginner to Pro,80,117,11,32,Intermediate Level,0.12,3,2/18/2017
624662,Guitar: The Next Level,55,117,12,10,All Levels,0.57,1,10/2/2015
761938,Guitar Lessons - The Modal System - Modes Essentials,45,116,7,27,All Levels,0.55,2,2/14/2016
510098,Create Beautiful Music On The Piano Like a Pro In Minutes,95,115,17,17,Beginner Level,0.9,1.5,8/10/2015
188064,"Trumpet Solos: Learn how to Perform Three Fun, Unique Pieces",50,115,6,53,Beginner Level,0.96,2.5,3/25/2014
266682,HARP&SOUL  |  Learn the Secrets of the Harmonica,35,114,8,59,All Levels,0.78,2,10/1/2014
455676,Electric Bass for Busy Beginners Course 1,50,114,15,13,All Levels,0.55,1.5,4/27/2015
888852,Aprendiendo piano: Lectura de piezas cl??sicas Vol.II,40,113,4,18,Beginner Level,0.11,1.5,6/29/2016
380596,Learn Piano: The Basics of Keyboards,20,113,0,24,All Levels,0.46,1.5,1/3/2015
398224,"Classical Guitar Master Class: 'Alman  """,195,113,2,34,All Levels,0.78,2,4/21/2015
721274,Learn to Play Irish Fiddle,60,112,7,63,Expert Level,0.07,5.5,1/18/2016
773016,Piano With Willie Building Technique with Scales Vol. 1,40,111,15,12,Beginner Level,0.77,1.5,4/13/2016
631480,Ense??ando m??sica: mejora tus clases de instrumento,30,111,3,18,Intermediate Level,0.2,1.5,10/7/2015
1065198,GUITAR #1: Beginner Basics and Beyond,20,111,12,64,Beginner Level,0.18,3,3/1/2017
471328,Advanced Euphonium Studies - Learn to Master the Euphonium!?€?,50,106,7,89,Beginner Level,0.11,6,4/16/2015
763100,Guitar Lessons - 50 Essential Fast Legato Licks,35,105,9,23,Beginner Level,0.34,3,2/15/2016
1190448,Learn Lion (Saroo) Soundtrack On The Piano By Ear,20,104,0,9,Beginner Level,0.75,0.533333333,4/24/2017
1102436,Learn 10 Scottish Tunes Piano Easy Level,45,103,1,46,All Levels,0.8,3.5,2/20/2017
315812,Gibson's Learn & Master Guitar,50,103,33,309,Expert Level,0.78,38,10/30/2014
1236562,The Piano Chord Ladder | Learn to Play Thousands of Songs,100,103,2,11,Beginner Level,0.23,1,5/31/2017
1013762,Instant Harmonica - play Leonard Cohen's Hallelujah now!,40,100,15,14,All Levels,0.45,1.5,11/20/2016
139784,Learn to improvise on your harmonica - in nice easy steps,35,98,1,15,All Levels,0.6,2,3/16/2014
349142,Master Oboe Playing: Intermediate Instruction Made Simple!,50,98,6,73,Intermediate Level,0.34,5.5,1/1/2015
939668,Learn 3 - All Time A R Rahman Hits on Carnatic Flute!,70,98,18,31,All Levels,1,2.5,12/13/2016
761122,Blues Guitar Lessons - Volume 3 - Minor Blues Essentials,45,98,5,14,Beginner Level,0.22,2,2/13/2016
1182624,Play Thousands of Songs On The Guitar | Cheater Chords,100,97,5,12,Beginner Level,0.66,1,4/19/2017
810576,Clarinet Pro Series - Fall in love with the Clarinet,50,95,3,30,All Levels,0.13,6,4/8/2016
743674,Piano With Willie: Blues n' Boogie Vol. 2,40,95,8,11,All Levels,0.14,2.5,4/13/2016
326310,Get Piano Skills TODAY!!!,100,92,5,71,All Levels,0.3,3.5,11/5/2014
823860,Trumpet Pro Series - You're going to love practicing Trumpet,50,92,1,25,All Levels,0.89,6,4/22/2016
149602,Learn To Play Trumpet Fast Using The Passive Trumpet Tutor,50,92,3,71,Beginner Level,0.94,1.5,1/27/2014
471352,"Euphonium Solos: Learn to Perform Three Fun, Unique Pieces!",50,90,2,61,All Levels,0.18,2.5,4/16/2015
807494,Learn the Violin - Bowing Techniques,80,89,6,12,Expert Level,0.96,0.666666667,6/26/2016
1037868,Digital Pianist Course-Learn Piano & Keyboard Fast & Easy,150,89,7,35,All Levels,0.67,3,12/26/2016
619856,French Horn Solos: Learn how to Perform Three Fun Pieces!,50,88,1,48,Intermediate Level,0.15,3,9/24/2015
893056,Didgeridoo - from zero to HERO! Part One - beginning,35,87,11,38,Beginner Level,0.47,3,7/2/2016
1045886,Learn Acoustic Guitar for Worship,40,86,18,26,All Levels,0.56,2,1/23/2017
932804,Improvise On The Piano In 30 Minutes,40,85,8,19,Beginner Level,0.89,1.5,8/18/2016
922828,Aprenda a tocar Pandeiro - Curso Iniciante - Samba/Choro,90,85,22,20,Beginner Level,0.19,2,8/21/2016
782460,Aprende escalas y arpegios  Vol. I: Modo mayor,50,85,2,30,Beginner Level,0.75,1.5,3/31/2016
22825,Beginner Guitar Method,200,85,2,23,All Levels,0.04,4,10/31/2012
743884,Piano With Willie: Blues n' Boogie Vol. 3,40,84,4,10,Intermediate Level,0.78,2.5,4/13/2016
297930,The art of piano improvisation,20,83,4,9,Beginner Level,0.24,0.666666667,9/19/2014
760698,Funk Rhythm Guitar Techniques,35,82,6,7,Beginner Level,0.51,1.5,2/17/2016
1134842,Easy Guitar Songwriting And Harmony,20,82,3,62,Beginner Level,0.74,3.5,3/14/2017
607360,Learn Oud 2,20,81,11,27,Intermediate Level,0.05,3,9/10/2015
705890,Instant Harmonica - play Dylan's Blowing in the Wind today!,20,81,5,14,Beginner Level,0.76,1,1/12/2016
586490,Instant Harmonica - play Summertime in 8 fun & easy lessons,40,81,7,11,Beginner Level,0.18,1,8/19/2015
625974,Total beginner to intermediate guitar - Learn to play by ear,45,80,4,112,Intermediate Level,0.03,3,10/16/2015
902480,Pure Rock Guitar : Play Like the Gods of Rock!,45,80,5,24,All Levels,0.55,4.5,7/29/2016
139794,Killer Harmonica sounds using the tongue and bending notes,35,80,2,16,Beginner Level,0.94,2,3/17/2014
139772,How to play easy tunes on the harmonica - just the basics,35,79,3,15,All Levels,0.8,1.5,2/25/2014
846962,Slap Bass For Beginners,50,79,3,25,Beginner Level,0.94,1.5,6/23/2016
147174,Blues Accelerator - 21 Days to Blues Guitar Mastery,50,78,6,45,All Levels,0.3,7,1/16/2014
888668,How to Sing and Play the Guitar (at the same time),20,78,8,24,Intermediate Level,0.11,1.5,7/18/2016
82960,Mastering the Art of Guitar Chords,20,78,0,18,Beginner Level,0.11,1.5,11/18/2013
638100,Fingerstyle Guitar by Jacques Stotzem - Advanced Level,30,77,4,14,All Levels,0.11,2,10/13/2015
742764,Piano With Willie: Basics of Improvisation,40,76,4,23,All Levels,0.11,3.5,4/13/2016
106358,Learn To Play Guitar Complete Beginners Quick Start,20,75,0,11,Beginner Level,0.11,1,10/16/2013
644820,Fingerpicking Fundamentals,20,75,7,22,Beginner Level,0.11,1.5,11/1/2015
201894,Add Slide To Your Guitar Playing,20,75,2,27,Intermediate Level,0.11,0.733333333,5/28/2014
762648,Guitar Lessons - Sweep Picking Arpeggio Essentials,35,74,6,13,All Levels,0.11,1.5,2/15/2016
139792,Learn to play tunes by ear on harmonica - no written music,35,73,3,15,All Levels,0.11,2,3/23/2014
1101522,Cajon Step-by-Step: Beginner > Intermediate > Advanced,35,73,9,45,Intermediate Level,0.11,3,2/13/2017
139778,Play tunes on harmonica and learn how to bend some notes,35,73,2,16,Beginner Level,0.11,2,3/9/2014
782458,Aprendiendo Piano: Tocando piezas populares Vol.II,100,72,2,24,Beginner Level,0.11,1.5,3/31/2016
139788,Starting to play the blues on your harmonica in easy steps,35,71,3,16,All Levels,0.11,2,3/1/2014
222062,Tenor Banjo,40,70,6,18,All Levels,0.11,1,6/17/2015
210020,Drum Lessons For Beginners,50,70,2,17,All Levels,0.11,1.5,5/17/2014
597868,???????????????????????????????€€???????????????????????????,20,69,1,53,Beginner Level,0.11,3,11/7/2015
263846,Master the French Horn: Intermediate Instruction Made Simple,50,68,8,126,Beginner Level,0.11,7.5,10/29/2014
1003250,World Percussion: Complete Lessons for Everyone,40,68,9,56,Intermediate Level,0.11,4,11/14/2016
131562,Piano With A Pro,25,66,6,38,All Levels,0.11,2.5,5/5/2014
1008098,Learn to play guitar and sing at the same time,45,66,9,8,All Levels,0.11,1,11/25/2016
1170198,Beginner Guitar Lessons: Learn To Play Guitar Today (WAVE 1),45,65,18,56,Expert Level,0.11,10,5/1/2017
430992,Mundharmonika spielen - mein sch??nstes Hobby,20,65,7,77,All Levels,0.11,2.5,6/9/2015
101500,Guitar Lessons - Blind Blake - King Of Ragtime Blues Guitar,20,65,5,13,Beginner Level,0.11,4,11/25/2013
743846,Guitar Looper Basic Training,45,64,13,15,All Levels,0.11,1.5,2/29/2016
444644,Learn to play the Bouzouki - Greek Bouzouki Lessons,50,63,13,49,All Levels,0.11,1,3/19/2015
1232356,Curso de ejercicios t??cnicos al piano Vol.2,50,62,1,22,Intermediate Level,0.11,1,5/29/2017
588264,Instant Harmonica - play The Lion Sleeps Tonight - today!,20,62,1,11,All Levels,0.11,1,8/21/2015
1223310,Aprende escalas y arpegios Vol.2 : Modo menor,50,62,1,49,Beginner Level,0.11,2.5,5/29/2017
592122,What you can learn before Piano Lessons,0,61,1,31,Expert Level,0.11,1.5,9/1/2015
628606,Piano Lessons for Beginners: Play the Piano AND Read Music!,70,61,9,30,Intermediate Level,0.11,4,2/12/2016
814474,Oboe Pro Series - You're going to love practicing the Oboe,50,61,5,36,All Levels,0.07,7,4/8/2016
773144,Piano With Willie Building Technique with Scales Vol. 2,40,61,3,9,All Levels,0.07,1.5,4/13/2016
519212,Awesome Lead Guitar 1,25,60,6,38,All Levels,0.07,4.5,12/15/2015
932842,Piano Lesson Variety,40,59,1,28,Beginner Level,0.07,4,8/18/2016
101504,Blues Guitar Lessons - Ragtime Blues Guitar,20,59,3,6,All Levels,0.07,2,11/26/2013
676432,Violin lessons for beginners,20,59,6,15,Beginner Level,0.07,1,11/25/2015
1002272,Blues Bass - Quick Start Guide,50,59,8,29,Beginner Level,0.07,1.5,11/24/2016
655958,Instant Harmonica - Christmas; play Jingle Bells part 2 now!,20,58,1,10,Beginner Level,0.07,0.733333333,12/17/2015
663696,Blues Guitar Lessons: Play Like the Greats - All Levels,20,58,4,47,All Levels,0.07,2.5,11/17/2015
583224,Instant Harmonica - play The Kesh (pt 1) it's easy and fun!,40,58,5,11,All Levels,0.07,0.583333333,8/17/2015
112602,"Learn Guitar The Easy Way, It's Faster",25,57,2,16,All Levels,0.07,4.5,11/14/2013
147104,Aprende a tocar Guitarra RAPIDO y FACIL con Guitarsimple,40,57,7,16,All Levels,0.07,4,1/22/2014
445118,Guitar Lesson - Five Steps to Learn Barre Chords,35,57,9,9,Beginner Level,0.07,0.55,3/15/2015
742096,Ultimate Beginner Guitar Guide - Both Acoustic & Electric,45,57,9,15,Beginner Level,0.07,2,2/16/2016
824020,Trombone Pro Series - Fall in love with the Trombone,50,57,6,57,Expert Level,0.07,7,4/22/2016
835616,Ukulele Lessons For Beginners - Fast Track Your Learning,20,57,8,28,All Levels,0.07,1,6/9/2016
744034,Piano With Willie: Jazz & Gospel Exercises,40,56,3,28,Beginner Level,0.07,2,4/13/2016
132950,Strumming the Guitar - 5 Lessons on Strum Patterns,20,56,3,10,Beginner Level,0.07,0.633333333,12/13/2013
892898,Didgeridoo - from zero to HERO! Part Two. Intermediate.,35,55,2,30,All Levels,0.07,2,7/2/2016
933818,Instant Harmonica - play the groovy Irish Washerwoman now!,40,55,8,13,All Levels,0.07,1,1/24/2017
1255114,Instant Harmonica - Learning the Basic 12 Bar Blues Bassline,40,54,6,10,All Levels,0.07,1,6/16/2017
720072,Hands On Guitar: Beyond Beginner,20,54,7,69,All Levels,0.07,3,1/22/2016
1160066,Classical Guitar Technique: 80/20,175,54,0,18,Intermediate Level,0.07,2.5,3/30/2017
584468,Instant Harmonica - play The Kesh (part 2) - easy and fun!,20,53,5,9,Beginner Level,0.07,0.583333333,8/17/2015
852426,Curso de Guitarra para Principiantes,20,53,5,39,All Levels,0.07,3,6/1/2016
1103526,Pure Modal Magic: The Complete Guitar Modes Solution,50,52,3,18,Intermediate Level,0.07,2,2/14/2017
799912,Alto Saxophone Lessons For Beginners,95,51,7,42,Beginner Level,0.07,3,3/23/2016
743932,Piano With Willie: Piano Chords Vol. 1,40,48,4,14,All Levels,0.07,2,4/13/2016
813142,Horn Pro Series - You're going to love playing French Horn,50,48,3,61,Beginner Level,0.07,8,4/8/2016
899702,Advanced Oboe Studies - Become a Master Oboist!?€?,50,47,0,82,All Levels,0.75,4,7/28/2016
883138,Pop and Jazz Keyboards and Harmony (beginner level),180,47,7,13,All Levels,0.11,3,7/12/2016
619610,Advanced Horn Studies - Learn to Master the French Horn!?€?,50,46,0,91,All Levels,0.34,7,9/23/2015
200108,Guitar for Absolute Beginners (Class 1),20,45,4,48,All Levels,0.99,1.5,5/1/2014
809968,Tenor Saxophone Lessons For Beginners,95,45,5,43,Beginner Level,0.89,3,4/4/2016
762482,Guitar Lessons - Economy Picking Essentials,35,45,5,15,Beginner Level,0.11,1.5,2/15/2016
856950,Euphonium Pro Series - Fall in love with the Euphonium,50,44,2,40,Beginner Level,0.07,7.5,5/24/2016
1113170,Walking Bass Fundamentals,50,44,3,34,All Levels,0.96,2,3/13/2017
151120,Rhythm to Rock Drum Lessons,20,44,2,7,All Levels,0.8,1,2/2/2014
773174,Piano With Willie Building Technique with Scales Vol. 4,40,44,0,11,All Levels,0.94,1.5,4/12/2016
1104494,Instant Harmonica - play this classic 8 bar blues tune!,40,43,4,13,Beginner Level,0.46,1,4/23/2017
620372,Piano for Kids: Developing Your Child's Creative Abilities,65,42,2,37,All Levels,0.96,4,10/24/2015
773156,Piano With Willie Building Technique with Scales Vol. 3,40,42,1,11,Beginner Level,0.88,1.5,4/13/2016
1042382,Explos??o Pentat??nica,55,42,5,19,Intermediate Level,0.44,1.5,12/22/2016
1066002,Leve a sua t??cnica de pedal duplo para um novo patamar,40,42,4,196,All Levels,0.3,5.5,1/16/2017
963094,Instant Harmonica - play the cool tune Dirty Old Town now!,40,42,8,17,All Levels,0.61,1.5,10/12/2016
701662,Instant Harmonica - play the Irish tune Whiskey in the Jar!,20,41,1,13,Beginner Level,0.8,1,12/28/2015
492954,?????????????????????????????????????????????????????€??????TAKA?????????????????????????????????????????????????????????,20,41,3,48,Beginner Level,0.11,2,7/6/2015
762240,Guitar Lessons - Two Handed Tapping Essentials,35,41,2,11,All Levels,0.44,1.5,2/14/2016
912254,"Oboe Solos: Learn to Perform Three Fun, Unique Pieces!",50,41,0,43,Beginner Level,0.88,2,7/28/2016
23683,Guitar - Rock - Beginner with Marc Seal,20,40,1,27,Beginner Level,0.74,1,8/31/2012
866528,Advanced Trombone Studies - Learn to Master the Trombone!,50,39,2,136,Beginner Level,0.11,8,7/5/2016
733922,Aprende el acorde??n de o??do y con t??cnica ?€?Nivel Intermedio?€?,25,38,7,51,Beginner Level,0.11,4.5,2/3/2016
1193950,Sintetizadores e S??ntese Subtrativa,85,38,12,83,Beginner Level,0.11,5,5/2/2017
744080,Piano With Willie: Tritones & Phat Chords,40,37,3,19,All Levels,0.11,2,4/13/2016
1031698,You Can Play Jazz Saxophone,20,37,7,6,Beginner Level,0.11,1.5,3/15/2017
430962,Brass Master Class,20,36,6,30,All Levels,0.11,2,6/9/2015
812370,Bassoon Pro Series - You're going to love practicing Bassoon,50,36,0,42,Beginner Level,0.11,6.5,4/8/2016
975626,"Learn to Play 'Let It Snow on Piano""",40,36,4,8,All Levels,0.11,1,10/4/2016
23861,Guitar - Rock - Beginner/Intermediate with Marc Seal,20,36,4,40,Beginner Level,0.11,1.5,10/7/2012
482334,Fingerpicking for Guitar,20,35,4,26,Beginner Level,0.11,3,9/14/2016
854694,Instant Harmonica - play Star Wars + the Lion Sleeps now!,40,33,3,20,Beginner Level,0.11,1.5,8/13/2016
933816,Instant Harmonica - play Yesterday + Scarborough Fair today!,40,33,5,26,All Levels,0.11,2,8/26/2016
1036400,"Piano Unbound. Piano learning method, a course for beginners",195,32,1,39,Intermediate Level,0.11,2.5,4/25/2017
53277,Guitar for Music Educators: Learning How to Teach Guitar,20,32,3,22,All Levels,0.11,1.5,7/26/2013
1102396,Instant Harmonica - play 'Can't Help Falling in Love' now!,40,32,3,11,All Levels,0.11,1,2/7/2017
743970,Piano With Willie: Piano Chords Vol. 2,40,32,2,11,Intermediate Level,0.11,1.5,4/13/2016
132878,Play Guitar with Rhythm - 5 Easy Lessons,20,31,0,10,Beginner Level,0.11,1,12/12/2013
1104500,Instant Harmonica - play 12 bar blues Big Walter style now!,40,31,2,14,All Levels,0.11,1,5/19/2017
805706,Bagpipe Instruction For Beginners,30,31,4,5,All Levels,0.11,1,4/24/2016
582390,Instant Harmonica - play When the Saints on harmonica now!,20,31,1,10,Beginner Level,0.11,1,8/14/2015
1207112,30 Day Guitar Jump Start for Success,105,31,4,92,Intermediate Level,0.11,4,5/24/2017
602812,"Music Theory, Guitar and Ear Training",60,30,3,39,Beginner Level,0.11,3,11/22/2015
200722,Jazz Guitar Reharmonization for Autumn Leaves,20,30,1,15,All Levels,0.11,0.616666667,7/3/2014
635570,A Guide to Analog Synths: For the modern EDM enthusiast.,20,29,4,37,Beginner Level,0.11,3.5,4/20/2016
228268,Play music on Harmonica using 8 notes - learn easy tunes!,35,29,0,14,All Levels,0.15,1,5/26/2014
854692,Instant Harmonica - play Over the Rainbow + Skye Boat now!,40,29,4,22,Beginner Level,0.15,1.5,7/18/2016
1046768,Instant harmonica - play Auld Lang Syne the neet (tonight)!,40,28,1,13,All Levels,0.15,1,12/22/2016
719920,Hands-On Guitar: The Beginner's Guide,20,28,7,72,All Levels,0.15,4,1/22/2016
931152,Instant Bodhran - part two; learning further drumming skills,40,28,1,10,Intermediate Level,0.15,1,8/18/2016
994050,Instant Harmonica - play Dylan's Like a Rolling Stone now!,40,28,2,11,All Levels,0.15,1.5,10/27/2016
741172,Piano With Willie: Jazz Kids - Vol 1,40,28,3,32,All Levels,0.15,4.5,4/13/2016
618396,Instant Harmonica - play the Drunken Sailor sea shanty now!,20,27,3,9,All Levels,0.15,0.616666667,10/18/2015
1146288,Jews Harp - Advanced course,30,26,1,52,Beginner Level,0.15,3.5,3/30/2017
532572,Ukulele 2 : Level 1 KEY OF C AND STRUMS,20,26,2,26,Beginner Level,0.15,1,2/1/2016
681390,Practice guitar with no previous experience and become a pro,30,26,0,14,All Levels,0.15,1,1/13/2017
1173716,Arpeggios for Guitar made Easy! Dominate the Fretboard,65,26,5,23,Beginner Level,0.15,3,5/2/2017
854690,Instant Harmonica - play Summertime + Drunken Sailor now!,40,26,2,20,All Levels,0.15,1.5,7/24/2016
1048182,Coach Guitar - Apprendre la GUITARE facile avec des COULEURS,50,25,1,321,Beginner Level,0.15,3.5,12/27/2016
618334,Instant Harmonica - play jazzy Autumn Leaves now (part one),20,25,1,10,Beginner Level,0.15,0.65,10/19/2015
961774,ABC DO VIOL??O E GUITARRA,85,25,2,30,All Levels,0.15,2.5,3/3/2017
1141614,The Fun and Effective Piano Course,30,24,2,38,All Levels,0.15,3.5,4/24/2017
568322,How to Play Dan Fogelberg Songs on Guitar,25,24,1,49,All Levels,0.15,4.5,3/29/2016
217628,Aprende a tocar el acorde??n de botones,50,22,4,21,All Levels,0.15,3.5,5/19/2014
760452,Casta??uelas por Sevillanas - Curso del toque de casta??uelas,40,22,2,17,Beginner Level,0.15,0.716666667,2/12/2016
636846,Instant Harmonica - play the old Popeye Spinach song now !,20,22,0,10,Beginner Level,0.15,0.6,10/19/2015
1104496,Instant Harmonica - play this classic GAME OF THRONES theme!,40,21,2,13,Beginner Level,0.66,1,5/30/2017
758216,Sistema Completo De Guitarra R??tmica Para Principiantes,55,21,3,32,All Levels,0.11,6,2/27/2016
933812,Instant Harmonica - play Whiskey in the Jar + Molly Malone!,40,21,3,27,Beginner Level,0.07,2,9/20/2016
951608,Learn the Viola - Scales and Fundamentals,80,21,3,38,All Levels,0.09,2.5,11/16/2016
1146368,The Easy Beginner Drum Course,25,21,4,12,All Levels,0.88,0.5,3/21/2017
171598,Rhythm to Rock Drum Lessons 2,20,21,2,11,All Levels,0.6,1,3/10/2014
767400,Sevillanas con Casta??uelas - Baile y toque al mismo tiempo,40,20,4,24,Beginner Level,0.48,1.5,2/23/2016
1152334,Aprende a tocar el acorde??n de botones,50,20,6,24,Beginner Level,0.57,2,5/17/2017
1113008,Building Up To Barre Chords,20,20,6,12,All Levels,0.48,0.716666667,3/16/2017
486412,Learning Electric Guitar for Absolute Beginners,35,19,2,12,All Levels,0.34,1.5,5/4/2015
618370,Instant Harmonica - play jazzy Autumn Leaves now (part two),20,19,1,9,All Levels,0.32,0.533333333,10/19/2015
742300,Piano With Willie: Jazz Kids - Vol 4,40,19,0,30,All Levels,0.66,3.5,4/13/2016
629704,Quick Piano Lessons - Tutorials for Drake's Greatest Hits,35,19,1,4,Beginner Level,0.66,0.55,10/4/2015
749616,Alternate Picking Speed & Accuracy,20,19,4,83,Beginner Level,0.83,3.5,5/12/2016
845518,Learn Piano Online-Keys to the Keyboard,50,18,1,9,Expert Level,0.34,2,5/12/2016
608436,Pr??sentation du Banjo T??nor,20,18,4,31,Beginner Level,0.3,1.5,9/13/2015
218540,Aprende a tocar el viol??n desde cero,50,17,1,22,Beginner Level,0.25,2.5,5/19/2014
812610,Trumpet Lessons For Beginners,95,17,3,35,Beginner Level,0.58,2.5,4/6/2016
201472,Keyboard Basics,25,17,1,7,Intermediate Level,0.37,2,4/22/2014
741316,Piano With Willie: Jazz Kids - Vol 2,40,17,0,38,All Levels,0.13,3,4/13/2016
190906,The Theory & Practice of Modes on the Guitar,35,17,0,7,Beginner Level,0.74,1.5,4/4/2014
648492,Guitar Lessons : Rock Guitar in 1 Day!,50,17,4,37,All Levels,0.47,1.5,12/6/2015
214770,Aprende a tocar M??sica Cristiana en el piano y teclado,20,17,3,13,All Levels,0.97,1,5/16/2014
1036338,Instant harmonica - enjoy playing Silent Night tonight!,40,16,3,12,Beginner Level,0.89,0.633333333,12/14/2016
741388,Piano With Willie: Jazz Kids - Vol 3,40,16,1,29,Beginner Level,0.16,3,4/13/2016
1111562,Instant Harmonica - play 'I just called to say I love you',40,15,0,11,Beginner Level,0.16,1,2/15/2017
839032,"Bluegrass Guitar Essentials: Webisodes 13, 14, & 15",30,14,1,13,All Levels,0.16,1.5,12/15/2016
818786,Drum Lessons For Beginners,95,14,1,34,Beginner Level,0.16,2.5,4/13/2016
721202,Guitar 201: Breakthroughs,20,14,1,49,Beginner Level,0.16,2.5,1/22/2016
214828,"Aprende a tocar percusiones: congas, bong??s, maracas y m??s",50,14,2,71,All Levels,0.16,3.5,5/16/2014
1076244,Practical Guitar Theory: Level 1,60,14,3,41,Intermediate Level,0.16,1.5,5/1/2017
211052,Aprende todos los secretos de la guitarra flamenca,50,13,2,23,Beginner Level,0.16,3.5,5/7/2014
450246,Back In Black the AC/DC Classic Rock Track,20,13,1,72,All Levels,0.16,2,4/10/2015
794398,Make Electronic Music with the iPad,20,13,0,69,All Levels,0.16,1.5,4/1/2016
269830,Rhythm to Rock Drum Lesson 5,20,13,3,9,All Levels,0.16,1,8/18/2014
933814,Instant Harmonica - play Blowing in the Wind + Popeye theme!,40,13,1,24,Beginner Level,0.16,1.5,9/23/2016
266004,Rhythm to Rock Drum Lesson 4,20,12,3,12,All Levels,0.16,1.5,8/18/2014
1149202,Guitar Solo - Theory and Improvisation Lessons,60,12,4,34,Beginner Level,0.16,1.5,4/11/2017
269832,Rhythm to Rock Drum Lesson 6,20,12,1,13,Intermediate Level,0.16,1.5,8/21/2014
802040,Bluegrass Guitar Essentials: Webisodes 3 & 4,30,12,2,13,Beginner Level,0.16,2,3/24/2016
713492,Mantenimiento y octavaci??n para guitarras el??ctricas,35,12,3,14,Intermediate Level,0.16,1,4/27/2016
1189926,Ukulele lernen f??r Papas mit Bruder Jakob,55,12,1,38,All Levels,0.06,1,5/4/2017
1025536,Coach Guitar - Amazing New Way To Learn Guitar With Colors,50,12,0,321,All Levels,0.06,3.5,12/27/2016
205764,Rhythm to Rock Drum Lessons 3,20,12,2,12,Beginner Level,0.06,1,7/18/2014
802038,Bluegrass Guitar Essentials: Webisodes 5 & 6,30,11,2,16,All Levels,0.06,3,4/13/2016
818838,Trombone Lessons For Beginners,95,11,2,34,Beginner Level,0.06,3,4/14/2016
771880,Clarinet Lessons For Beginners,95,11,0,41,All Levels,0.06,3,2/26/2016
430994,Gitarre spielen - mein sch??nstes Hobby,20,11,2,183,All Levels,0.06,2,6/9/2015
1143414,Tin Whistle B??sico,20,11,2,53,All Levels,0.06,1.5,5/17/2017
196234,Easy Piano - learn and play along,20,11,1,48,All Levels,0.06,1,5/14/2014
207408,Aprende a tocar la guitarra ac??stica como un profesional,50,11,0,27,Beginner Level,0.06,3,5/5/2014
1193536,Escalas Pentat??nicas para guitarristas,25,11,3,23,Beginner Level,0.06,0.6,6/2/2017
211780,Aprende a tocar el teclado como los expertos,50,11,1,37,All Levels,0.06,2.5,5/9/2014
935900,Pedais de efeito para Contrabaixo,50,10,3,10,Beginner Level,0.06,2.5,8/26/2016
1114722,Complete Beginners Introduction to Guitar,40,10,4,35,Beginner Level,0.06,1.5,2/27/2017
839028,Bluegrass Guitar Essentials: Webisodes 9 & 10,30,10,0,12,All Levels,0.06,2,8/6/2016
213984,Aprender a tocar la bater??a sin salir de casa,50,10,0,23,All Levels,0.06,4,5/9/2014
214794,Aprende a tocar ritmo pop en el piano y teclado,20,10,1,9,All Levels,0.06,0.716666667,5/16/2014
1040596,Greensleeves' Creative Piano Lessons Course,20,10,1,8,All Levels,0.06,2,1/3/2017
832514,Acoustic Guitar Lessons For Beginners,95,10,3,39,All Levels,0.06,3,4/27/2016
218658,Aprende c??mo tocar el Bajo Sexto,50,10,2,17,All Levels,0.06,3,5/19/2014
212492,Aprende a tocar blues en el piano y teclado,50,10,4,22,Intermediate Level,0.06,2.5,5/9/2014
211714,Aprende diferentes ritmos con la guitarra r??tmica,20,10,1,12,All Levels,0.24,1,5/7/2014
217540,Aprende a tocar el bajo el??ctrico,50,9,0,33,All Levels,0.76,3.5,5/16/2014
839030,Bluegrass Guitar Essentials: Webisodes 11 & 12,30,9,1,24,All Levels,0.18,2,10/22/2016
839026,Bluegrass Guitar Essentials: Webisodes 7 & 8,30,9,0,10,Beginner Level,0.81,2,5/5/2016
796188,Step by Step Classical Guitar Course,100,9,1,45,Beginner Level,0.2,4.5,12/8/2016
1198302,Traditional-Style Electric Blues Guitar For Beginners,25,9,2,36,Beginner Level,0.34,3,6/22/2017
1244302,Guitar Strumming 101 - Have More Fun Playing Songs You Love,50,8,2,16,All Levels,0.06,1,6/20/2017
1104492,Instant Harmonica - play the Irish anthem Danny Boy today!,40,8,1,15,Beginner Level,0.94,1,3/21/2017
812602,Piano Lessons For Beginners,95,8,0,50,All Levels,0.15,4,4/12/2016
647884,Beginner Acoustic Guitar Lessons,25,8,0,12,All Levels,0.96,1,10/28/2015
217320,Aprende a tocar el saxof??n como siempre has querido,20,8,1,26,Beginner Level,0.06,3.5,5/16/2014
838896,Learn Piano Online-Ambiance Piano Solo,50,8,0,10,All Levels,0.29,1,6/21/2016
1144288,Poldark TV series Soundtracks for Piano-Quicklessons,20,8,1,9,All Levels,0,1,3/16/2017
838320,The Art of the Blues Shuffle - A Guitarist's Guide,20,8,0,11,Beginner Level,0,1.5,6/26/2016
858064,Beginner Level Popular Piano Program - Month 1,30,7,2,13,Intermediate Level,0,1,5/24/2016
387064,Guitarra para principiantes,20,7,1,46,All Levels,0,2,1/22/2015
212520,Aprende a tocar ritmos latinos en el teclado,50,7,0,31,All Levels,0,3.5,5/9/2014
212438,Aprende todos los secretos de la salsa para piano,50,7,0,17,Beginner Level,0,3,5/9/2014
806640,Blues Master - Advanced Techniques Piano Course,75,7,2,14,All Levels,0,1,3/29/2016
34332,Aprende a tocar la guitarra,50,7,1,25,Intermediate Level,0,1.5,2/22/2013
1223570,Learn How To Play 25 Classic Hip Hop Songs Ch.2,25,7,1,27,All Levels,0,3.5,5/23/2017
944550,Learn Piano Online-A Quiet Solace Piano Solo,50,7,0,10,Intermediate Level,0,1,8/29/2016
339382,Guitar for Christmas!,20,7,0,17,All Levels,0,0.533333333,11/30/2014
219756,Aprende a tocar flauta transversal sin complicaciones,50,6,2,23,Beginner Level,0.34,3,5/19/2014
218596,Aprende a tocar la trompeta,50,6,2,30,Beginner Level,0.96,3,5/19/2014
211026,Aprende a tocar Jazz y Ritmos Latinos en la guitarra,50,6,0,17,Beginner Level,0.2,3,5/7/2014
594852,Getting Started with Power Chords,20,6,0,27,All Levels,0.88,1,12/17/2015
1058262,Major Scales and Modes for Chromatic Harmonica,20,6,1,14,All Levels,0.47,1.5,4/10/2017
552606,Beginner Guitar Essentials,95,5,2,45,All Levels,0.34,4.5,8/6/2015
1216752,Curso de Bateria - Explorando Diferentes Divis??es,55,5,2,19,All Levels,0.89,2,5/18/2017
208126,Aprende a tocar los mejores solos en la guitarra el??ctrica,30,5,1,16,Beginner Level,0.34,2,5/7/2014
556076,How To Play Guitar - Everything You Need To Know To Start,50,5,1,8,All Levels,0.6,1,7/21/2015
1174974,Curso de Viol??o Pr??tico,70,5,0,10,All Levels,0.91,1.5,4/12/2017
218856,Aprende a tocar la flauta dulce de forma sencilla y gradual,50,5,0,23,All Levels,0.35,3,5/19/2014
1129652,?€???????????????????????€?ASALATO-????????????(?????????)???????€????????????€??????,20,5,1,7,Beginner Level,0.76,0.583333333,4/19/2017
765056,Guitar Fundamentals for Beginners,25,5,1,11,All Levels,0.8,2,2/22/2016
1144780,Curso de bater??a online de Patricio Iglesias (Santa Sabina),35,5,1,17,Beginner Level,0.79,4,3/28/2017
214218,"Aprende a tocar jazz, salsa y blues en el piano",20,5,0,23,All Levels,0.31,3,5/19/2014
204014,Aprende a tocar el piano desde cero,50,4,0,16,All Levels,0.44,4,4/30/2014
917176,Violin for Beginners,50,4,0,18,All Levels,0.93,0.733333333,3/7/2017
1236576,Learn to play and improve 12 bar blues harmonica solos,40,4,1,27,Intermediate Level,0.11,1,6/29/2017
806642,Blues Master - Professional Techniques Piano Course,75,4,0,16,Beginner Level,0.3,1,3/29/2016
809492,Drumming 101: The Essential Elements,50,4,0,17,All Levels,0.74,1.5,5/2/2017
212506,Ahora aprende a tocar jazz en el piano,30,4,0,9,Beginner Level,0.88,1.5,5/9/2014
513528,Curso de guitarra para principiantes.,20,4,0,7,Intermediate Level,0.92,1,6/11/2015
219844,Aprende a tocar el clarinete.,50,4,0,26,All Levels,1,3,5/19/2014
207304,Aprende a tocar la guitarra el??ctrica,50,3,0,39,All Levels,0.8,5.5,4/30/2014
219878,Aprende a tocar el contrabajo sin complicaciones,50,3,1,20,Beginner Level,0.62,3,5/19/2014
545036,Saxophone Essentials: Beginners Course,40,3,0,16,All Levels,0.34,1.5,4/26/2017
383852,88 Logic - The Essential Guide To Learning Piano,25,3,0,5,Beginner Level,0.43,0.533333333,1/13/2015
388712,Learn To Play The Guitar In A Day,20,3,1,14,All Levels,0.11,1,1/9/2015
632234,Guitar Chords and Basic Strumming,20,3,0,35,Beginner Level,0.22,2.5,12/17/2015
847808,???????????????????????????????€€??????????????????????????????????????????,20,3,0,36,All Levels,0.76,1,10/3/2016
785210,Flute Lessons For Beginners,95,3,0,41,Beginner Level,0.27,2.5,3/9/2016
195196,Aprende a improvisar en la guitarra el??ctrica,50,3,0,19,All Levels,0.34,3,5/5/2014
594854,Getting Started on the Acoustic Guitar,20,3,0,28,All Levels,0.84,1,10/20/2015
963664,Learn Piano Online-Nocturnal Piano Solo,60,2,0,11,Beginner Level,0.53,1.5,9/21/2016
1124590,Learn How To Play The Trumpet,75,2,0,24,All Levels,0.51,1.5,6/19/2017
687742,???????????????????????????????€€???????????????????????????,20,2,0,47,Beginner Level,0.88,3.5,2/18/2016
1243162,Aprende a tocar las escalas en el acorde??n de botones.,20,2,0,21,All Levels,0.86,1,6/17/2017
1195742,The Music Coach Online Spirit Drum Course,95,2,0,86,Beginner Level,0.95,5.5,5/4/2017
834422,Curso de Teclado,40,1,0,26,All Levels,0.96,1.5,5/16/2016
448250,improvisaci??n de Guitarra,20,1,0,10,Beginner Level,0.74,1,3/24/2015
968026,Learn to Play Tabla - The Indian drums,0,1,0,20,All Levels,0.78,1.5,7/4/2017
730702,Ukulele 3:  Intermediate,25,1,0,11,Intermediate Level,0.11,0.65,5/24/2017
724436,Guitarra Ac??stica en Siete D??as,20,1,1,38,Beginner Level,0.96,2.5,1/29/2016
939636,Coaching Bundle: Guitar for Music Educators: Part 2,135,1,1,6,All Levels,0.24,0.5,9/2/2016
974704,Learn Piano Online-In the Garden Piano Solo,60,1,0,11,All Levels,0.37,1,10/3/2016
944804,Coaching Bundle: Guitar for Music Educators: Part 1,135,1,1,5,All Levels,0.04,0.5,9/1/2016
1150468,Ukulele lernen f??r Papas mit Aram sam sam,55,1,0,37,Beginner Level,0.66,0.7,5/17/2017
1261210,Suonare la Chitarra,200,1,1,22,Beginner Level,0.15,1,6/21/2017
1232728,Learn Loreena McKennitt Songs-Quicklessons Piano Course,20,1,0,6,Beginner Level,0.18,0.566666667,5/29/2017
1265814,ABRSM Grade III Piano Class - Handel Sonatina in G 2017-2018,20,0,0,5,Beginner Level,0.34,0.516666667,7/6/2017
1272282,Learn Vikings Soundtracks on the Piano by Ear,20,0,0,8,All Levels,0.63,0.583333333,6/29/2017
603902,Curso de Didgeridoo nivel principiante,50,0,0,31,Beginner Level,0.66,1,4/11/2016
1026760,Coaching Course: Rhythm Instruction for Music Educators P1,130,0,0,6,All Levels,0.66,0.533333333,3/10/2017
1214670,Tune that Sour Note on Your Piano,20,0,0,6,Beginner Level,0.25,0.55,6/20/2017
993892,"Beginners Guitar Course - 'Try it and love it method""",25,0,0,16,All Levels,0.51,2,10/31/2016
1216340,Learn to Play Sweet Child of Mine,20,0,0,23,All Levels,0.31,1.5,6/30/2017
1026762,Coaching Course: Rhythm Instruction for Music Educators P2,125,0,0,7,Beginner Level,0.06,0.633333333,3/10/2017
1223240,Learn Pirates of the Caribbean by Ear on the Piano,20,0,0,6,All Levels,0.08,0.533333333,5/22/2017
1224186,Learn to Play Piano Like a Pro - Easy Piano Course 1,35,0,0,13,Beginner Level,0.78,0.516666667,5/30/2017
1234656,4 Week Rhythm Mastery,20,0,0,28,All Levels,0.01,2.5,7/5/2017
